sent_at,email,company_name,status
2026-03-30T09:00:36.811Z,info@macasahomes.com.au,Macasa Homes,sent
2026-03-30T09:02:37.243Z,info@sunsbuilder.com.au,SUNS Building Group,sent
2026-03-30T09:04:37.812Z,admin@avanticcon.com.au,Avantic Constructions,sent
2026-03-30T09:06:38.326Z,info@buildexconstructions.com.au,Buildex Constructions,sent
2026-03-30T09:08:38.720Z,admin@truland.com.au,Truland Development,sent
2026-03-30T09:10:39.280Z,info@kongstruction.com.au,Kongstruction Group,sent
2026-03-30T09:12:39.805Z,homeandland@everydayhomes.com.au,Everyday Homes,sent
2026-03-30T09:14:40.209Z,admin@merithomes.com.au,Merit Homes,sent
2026-03-30T09:16:40.654Z,start@australbuild.com.au,Austral Build,sent
2026-03-30T09:18:41.099Z,sales@ansahomes.com.au,ANSA Homes,sent
2026-03-30T09:20:41.567Z,admin@jasdancustom.com,Jasdan Custom Homes,sent
2026-03-30T09:22:42.053Z,info@hillshomes.au,Hills Homes,sent
2026-03-30T09:24:42.563Z,sales@vogue-homes.com.au,Vogue Homes,sent
2026-03-30T09:26:43.292Z,info@betterbuilthomes.com.au,Better Built Homes,sent
2026-03-30T09:28:43.683Z,customercare@northhomes.com.au,North Homes,sent
2026-03-30T09:30:44.106Z,info@horizonhomes.com.au,Horizon Homes,sent
2026-03-30T09:32:44.639Z,info@christouhomes.com.au,Christou Homes,sent
2026-03-30T09:34:45.223Z,sales@kinghomesnsw.com.au,King Homes NSW,sent
2026-03-30T09:36:45.668Z,enquiry@eaglehomes.com.au,Eagle Homes,sent
2026-03-30T09:38:46.256Z,info@jdconstruction.com.au,JD Construction,sent
2026-03-30T09:40:46.675Z,sales@fowlerhomes.com.au,Fowler Homes,sent
2026-03-30T09:42:47.056Z,info@managedbuild.com.au,Managed Build,sent
2026-03-30T09:44:47.489Z,admin@danicon-group.com.au,Danicon Group,sent
2026-03-30T09:46:48.037Z,contact@evermoreconstruction.com.au,Evermore Construction,sent
2026-03-30T09:48:48.642Z,info@firmusbuilding.com.au,Firmus Building,sent
2026-03-30T09:50:49.109Z,steve@modbuiltprojects.com.au,Modbuilt Projects,sent
2026-03-30T09:52:49.607Z,info@addbuild.com.au,Addbuild,sent
2026-03-30T09:54:50.017Z,admin@sbsbuilding.com.au,SBS Building Services,sent
2026-03-30T09:56:50.441Z,info@harris-building.com.au,Harris Building,sent
2026-03-30T09:58:51.553Z,info@holdenconstructions.com.au,Holden Constructions,sent
2026-03-30T10:00:51.988Z,info@koboprojects.com.au,Kobo Projects,sent
2026-03-30T10:02:52.583Z,info@extendahome.com.au,Extend A Home,sent
2026-03-30T10:04:53.038Z,sales@esteemconstructions.com.au,Esteem Constructions,sent
2026-03-30T10:06:53.432Z,info@sydneyhomesandrenovations.com.au,Sydney Homes and Renovations,sent
2026-03-30T10:08:53.849Z,info@walrobbins.com.au,Wal Robbins Additions,sent
2026-03-30T10:10:54.648Z,info@binethomes.com.au,Binet Homes,sent
2026-03-30T10:12:55.179Z,info@bluegumhomes.com.au,Blue Gum Homes,sent
2026-03-30T10:14:55.571Z,luke.omara@bigpond.com,O'Mara Builder,sent
2026-03-30T10:16:56.158Z,joshua@trinitydc.com.au,Trinity Design and Construction,sent
