company_name,email,website,category,notes
Macasa Homes,info@macasahomes.com.au,macasahomes.com.au,Builder,Chinese-Australian CBANSW member
SUNS Building Group,info@sunsbuilder.com.au,sunsbuilder.com.au,Builder,Chinese-Australian CBANSW member
Avantic Constructions,admin@avanticcon.com.au,avanticcon.com.au,Builder,Chinese-Australian CBANSW member Chatswood
Buildex Constructions,info@buildexconstructions.com.au,buildexconstructions.com.au,Builder,Chinese-Australian CBANSW member
Truland Development,admin@truland.com.au,truland.com.au,Builder,Chinese-Australian bilingual website
Kongstruction Group,info@kongstruction.com.au,kongstruction.com.au,Builder,WeChat listed serves Chinese clients Auburn
Everyday Homes,homeandland@everydayhomes.com.au,everydayhomes.com.au,Builder,Has Chinese-speaking consultants
Merit Homes,admin@merithomes.com.au,merithomes.com.au,Builder,KDR specialist Box Hill
Austral Build,start@australbuild.com.au,australbuild.com.au,Builder,KDR specialist Arncliffe
ANSA Homes,sales@ansahomes.com.au,ansahomes.com.au,Builder,HIA MBA award winner Parramatta area
Jasdan Custom Homes,admin@jasdancustom.com,jasdancustom.com,Builder,Custom homes Kellyville Ridge
Hills Homes,info@hillshomes.au,hillshomes.au,Builder,KDR renovation Hills District
Vogue Homes,sales@vogue-homes.com.au,vogue-homes.com.au,Builder,KDR specialist Sydney-wide
Better Built Homes,info@betterbuilthomes.com.au,betterbuilthomes.com.au,Builder,2025 HIA national award winner
North Homes,customercare@northhomes.com.au,northhomes.com.au,Builder,Premium builder Bella Vista
Horizon Homes,info@horizonhomes.com.au,horizonhomes.com.au,Builder,2024-2025 HIA award winner Bella Vista
Christou Homes,info@christouhomes.com.au,christouhomes.com.au,Builder,KDR specialist 20+ years Richmond
King Homes NSW,sales@kinghomesnsw.com.au,kinghomesnsw.com.au,Builder,Sydney-wide including Sutherland
Eagle Homes,enquiry@eaglehomes.com.au,eaglehomes.com.au,Builder,Liverpool
JD Construction,info@jdconstruction.com.au,jdconstruction.net.au,Builder,KDR heritage restoration Edensor Park
Fowler Homes,sales@fowlerhomes.com.au,fowlerhomes.com.au,Builder,28 years experience Wetherill Park
Managed Build,info@managedbuild.com.au,managedbuild.com.au,Builder,Eastern Suburbs KDR renovation
Danicon Group,admin@danicon-group.com.au,danicon-group.com.au,Builder,Sydney-wide custom granny flat
Evermore Construction,contact@evermoreconstruction.com.au,evermoreconstruction.com.au,Builder,Inner West specialist
Firmus Building,info@firmusbuilding.com.au,firmusbuilding.com.au,Builder,Canterbury Inner West to Eastern Suburbs
Modbuilt Projects,steve@modbuiltprojects.com.au,modbuiltprojects.com.au,Builder,Inner West renovation extension
Addbuild,info@addbuild.com.au,addbuild.com.au,Builder,North Shore Hills Inner West Rhodes
SBS Building Services,admin@sbsbuilding.com.au,sbsbuilding.com.au,Builder,Castle Hill Hills District 35 years
Harris Building,info@harris-building.com.au,harris-building.com.au,Builder,Inner West custom Gymea
Holden Constructions,info@holdenconstructions.com.au,holdenconstructions.com.au,Builder,Hills Ryde Epping Bella Vista
Kobo Projects,info@koboprojects.com.au,koboprojects.com.au,Builder,Sydney-wide Ryde Epping custom
Extend A Home,info@extendahome.com.au,extendahome.com.au,Builder,Inner West Five Dock specialist
Esteem Constructions,sales@esteemconstructions.com.au,esteemconstructions.com.au,Builder,Sydney-wide extension addition
Sydney Homes and Renovations,info@sydneyhomesandrenovations.com.au,sydneyhomesandrenovations.com.au,Builder,Norwest Hills District
Wal Robbins Additions,info@walrobbins.com.au,walrobbins.com.au,Builder,Sydney-wide extension specialist
Binet Homes,info@binethomes.com.au,binethomes.com.au,Builder,Epping 60 years luxury custom
Blue Gum Homes,info@bluegumhomes.com.au,bluegumhomes.com.au,Builder,Padstow Sutherland Shire
O'Mara Builder,luke.omara@bigpond.com,omara.com.au,Builder,Mulgrave second storey addition 60 years
Trinity Design and Construction,joshua@trinitydc.com.au,trinitydc.com.au,Builder,Penrith Parramatta
